{
  "boundary": "nmb",
  "bpe": {
    "arm": "bpe",
    "axes": {
      "explicitH": {
        "bag_instab": 0.7835866832947409,
        "bag_instab_ci": [
          0.7825273008351722,
          0.7846761615584983
        ],
        "n": 10000,
        "rel_dfert": 2.4813415517217146,
        "rel_dfert_ci": [
          2.46704456495737,
          2.4947172076039026
        ]
      },
      "kekule": {
        "bag_instab": 0.28953869845948293,
        "bag_instab_ci": [
          0.2872561560737889,
          0.2919784948823098
        ],
        "n": 7235,
        "rel_dfert": 0.06338398204123272,
        "rel_dfert_ci": [
          0.062145083453855575,
          0.06459112766408588
        ]
      },
      "obcanon": {
        "bag_instab": 0.19090928555959516,
        "bag_instab_ci": [
          0.1885047905734818,
          0.19321083956523175
        ],
        "n": 10000,
        "rel_dfert": 0.021043352569765753,
        "rel_dfert_ci": [
          0.020237968362062292,
          0.021800678107866785
        ]
      },
      "random": {
        "bag_instab": 0.311287894479878,
        "bag_instab_ci": [
          0.3096157626846195,
          0.31304590899410284
        ],
        "n": 10000,
        "rel_dfert": 0.12671731894979285,
        "rel_dfert_ci": [
          0.12508989495154937,
          0.12830754022675825
        ]
      },
      "ringperm": {
        "bag_instab": 0.16153139627017205,
        "bag_instab_ci": [
          0.16044633905105002,
          0.1626344117891562
        ],
        "n": 9288,
        "rel_dfert": 0.0,
        "rel_dfert_ci": [
          0.0,
          0.0
        ]
      }
    },
    "bootstrap_seed": 1322829225,
    "boundary": "nmb",
    "cell_id": "zinc22__smirk_gpe_v1024_nmb",
    "eval_split_sha": "730dc2ddc8c4edd981244fa27433a1ea",
    "mean_canon_fert": 28.8894,
    "mean_rand_fert": 32.046525,
    "n_molecules": 10000,
    "n_resamples": 1000,
    "training_corpus_sha": "2604e603ded8e77654016cd7b3f38cec"
  },
  "corpus": "zinc22",
  "delta_bag_instab": {
    "explicitH": 0.17863971754630859,
    "kekule": -0.059267856997555324,
    "obcanon": 0.09903531240021361,
    "random": 0.15513016581351688,
    "ringperm": 0.04342587940424893
  },
  "delta_rel_dfert": {
    "explicitH": 0.9521697880404023,
    "kekule": -0.019320007691704708,
    "obcanon": -0.00010478503609672937,
    "random": 0.028655548548580642,
    "ringperm": 0.0
  },
  "extras_kind": null,
  "extras_label": null,
  "gap_canon": 1.3874500681911013,
  "gap_rand": 1.3603690259708345,
  "missing_arm": null,
  "pair_key": "zinc22__v1024_nmb",
  "pair_status": "matched",
  "schema_version": 1,
  "tier": "headline",
  "unigram": {
    "arm": "unigram",
    "axes": {
      "explicitH": {
        "bag_instab": 0.6049469657484323,
        "bag_instab_ci": [
          0.6037693360789208,
          0.6060872675727121
        ],
        "n": 10000,
        "rel_dfert": 1.5291717636813122,
        "rel_dfert_ci": [
          1.521740965775243,
          1.536724156180527
        ]
      },
      "kekule": {
        "bag_instab": 0.34880655545703826,
        "bag_instab_ci": [
          0.3462382617850155,
          0.3514635482657076
        ],
        "n": 7235,
        "rel_dfert": 0.08270398973293742,
        "rel_dfert_ci": [
          0.0813063358777155,
          0.08402790455686673
        ]
      },
      "obcanon": {
        "bag_instab": 0.09187397315938155,
        "bag_instab_ci": [
          0.090495824798605,
          0.09321008951496366
        ],
        "n": 10000,
        "rel_dfert": 0.021148137605862483,
        "rel_dfert_ci": [
          0.02038956376044043,
          0.02197391820463494
        ]
      },
      "random": {
        "bag_instab": 0.1561577286663611,
        "bag_instab_ci": [
          0.154582488745739,
          0.1574870091901881
        ],
        "n": 10000,
        "rel_dfert": 0.09806177040121221,
        "rel_dfert_ci": [
          0.0964540017372534,
          0.09943838965692507
        ]
      },
      "ringperm": {
        "bag_instab": 0.11810551686592312,
        "bag_instab_ci": [
          0.11728324875944257,
          0.11891328150428174
        ],
        "n": 9288,
        "rel_dfert": 0.0,
        "rel_dfert_ci": [
          0.0,
          0.0
        ]
      }
    },
    "bootstrap_seed": 2596365294,
    "boundary": "nmb",
    "cell_id": "zinc22__smirk_unigram_v1024_nmb",
    "eval_split_sha": "730dc2ddc8c4edd981244fa27433a1ea",
    "mean_canon_fert": 40.0826,
    "mean_rand_fert": 43.5951,
    "n_molecules": 10000,
    "n_resamples": 1000,
    "training_corpus_sha": "2604e603ded8e77654016cd7b3f38cec"
  },
  "unpaired_reason": null,
  "vocab_size": 1024
}
