{
  "agree_cut_rate": 0.6285976670460507,
  "agree_merge_rate": 0.09476297903780086,
  "bootstrap_seed": 3549228144,
  "boundary": "mb",
  "boundary_jaccard": 0.6944011927151393,
  "boundary_jaccard_ci": [
    0.6942182658084082,
    0.6945806593795998
  ],
  "bpe_cell_id": "zinc22__smirk_gpe_v1024_mb_sizematched_700k",
  "bpe_training_corpus_sha": "e57489e8f72b2f5474a63e209b526199",
  "conflict_rate": 8.744662626294531e-05,
  "conflict_rate_ci": [
    8.329369369854276e-05,
    9.151700225668629e-05
  ],
  "conflict_share_of_disagreement": 0.0003161033490898446,
  "corpus": "zinc22",
  "cut_rate_by_class": {
    "aromatic": 5.264635687210445e-05,
    "bracket": 0.0,
    "heteroatom": 0.021069823315831387,
    "sat-C": 0.13166144200626959,
    "unsat-C": 0.010051829747133659
  },
  "cut_through_by_class": {
    "aromatic": 9,
    "bracket": 0,
    "heteroatom": 1561,
    "sat-C": 42,
    "unsat-C": 256
  },
  "emitted_by_class": {
    "aromatic": 170952,
    "bracket": 618554,
    "heteroatom": 74087,
    "sat-C": 319,
    "unsat-C": 25468
  },
  "eval_split_sha": "730dc2ddc8c4edd981244fa27433a1ea",
  "extras_kind": "size_matched",
  "extras_label": "700k",
  "missing_arm": null,
  "n_agree_cut": 14010110,
  "n_agree_merge": 2112066,
  "n_conflict": 1949,
  "n_length_mismatch": 0,
  "n_molecules": 499545,
  "n_nest": 6163756,
  "n_nested_molecules": 497682,
  "n_positions": 22287881,
  "n_resamples": 1000,
  "nest_rate": 0.2765519072898855,
  "nested_molecule_fraction": 0.9962706062516891,
  "nested_molecule_fraction_ci": [
    0.9961084586974146,
    0.9964367574492788
  ],
  "pair_key": "zinc22__v1024_mb__size_matched_700k",
  "pair_status": "matched",
  "schema_version": 1,
  "tier": "extras_size_matched",
  "unigram_cell_id": "zinc22__smirk_unigram_v1024_mb_sizematched_700k",
  "unigram_training_corpus_sha": "e57489e8f72b2f5474a63e209b526199",
  "unpaired_reason": null,
  "vocab_size": 1024
}
