{
  "abs_delta_d": 0.07137139386633351,
  "boundary": "nmb",
  "bpe": {
    "arm": "bpe",
    "bootstrap_seed": 4206982531,
    "boundary": "nmb",
    "cell_id": "real_space__smirk_gpe_v1024_nmb",
    "d": 0.901414763999379,
    "d_ci": [
      0.9013477962659568,
      0.9014833195796454
    ],
    "eta": 0.4691010315062211,
    "eta_ci": [
      0.46901934602694945,
      0.46917575707100434
    ],
    "eval_split_sha": "6cbe68f87c92fb2a253f536715b5ec69",
    "live_token_count": 902,
    "n_molecules": 1000352,
    "n_resamples": 1000,
    "renyi": 0.34830035083291827,
    "renyi_ci": [
      0.34821844353763554,
      0.3483807606019966
    ],
    "total_tokens": 32720494,
    "training_corpus_sha": "140534c1544cd9f2ce760709417f23dd",
    "v_effective": 1024,
    "vocab_size": 1026
  },
  "corpus": "real_space",
  "delta_d": -0.07137139386633351,
  "delta_d_exceeds_threshold": true,
  "delta_eta": 0.11212054754336348,
  "delta_renyi": 0.06518206476660404,
  "extras_kind": null,
  "extras_label": null,
  "missing_arm": null,
  "near_reference_threshold": false,
  "pair_key": "real_space__v1024_nmb",
  "pair_status": "matched",
  "schema_version": 1,
  "tier": "anchor",
  "unigram": {
    "arm": "unigram",
    "bootstrap_seed": 1489853669,
    "boundary": "nmb",
    "cell_id": "real_space__smirk_unigram_v1024_nmb",
    "d": 0.9727861578657125,
    "d_ci": [
      0.9727666819379139,
      0.9728061987715414
    ],
    "eta": 0.35698048396285764,
    "eta_ci": [
      0.3569180329651972,
      0.3570411271071264
    ],
    "eval_split_sha": "6cbe68f87c92fb2a253f536715b5ec69",
    "live_token_count": 219,
    "n_molecules": 1000352,
    "n_resamples": 1000,
    "renyi": 0.28311828606631423,
    "renyi_ci": [
      0.28303587031401045,
      0.28320448956174393
    ],
    "total_tokens": 47441676,
    "training_corpus_sha": "140534c1544cd9f2ce760709417f23dd",
    "v_effective": 1024,
    "vocab_size": 426
  },
  "unpaired_reason": null,
  "v_effective_consistent": true,
  "v_effective_delta": 0,
  "vocab_size": 1024
}
