{
  "boundary": "nmb",
  "bpe": {
    "arm": "bpe",
    "bootstrap_seed": 2128871146,
    "boundary": "nmb",
    "cell_id": "coconut__smirk_gpe_v1024_nmb",
    "class_bonds": {
      "C#N": 334,
      "C=N": 3321,
      "C=O": 67469,
      "C=S": 218,
      "N=O": 428,
      "P=O": 975,
      "S=O": 2100,
      "other": 94
    },
    "class_local": {
      "C#N": 306,
      "C=N": 3227,
      "C=O": 67445,
      "C=S": 211,
      "N=O": 427,
      "P=O": 975,
      "S=O": 2100,
      "other": 83
    },
    "class_locality": {
      "C#N": 0.9161676646706587,
      "C=N": 0.9716952725082806,
      "C=O": 0.9996442810772355,
      "C=S": 0.9678899082568807,
      "N=O": 0.9976635514018691,
      "P=O": 1.0,
      "S=O": 1.0,
      "other": 0.8829787234042553
    },
    "eval_split_sha": "146cff0ba752459c61ed0bb687b06d73",
    "locality": 0.9977982092101576,
    "locality_ci": [
      0.9974332580244107,
      0.998146631031843
    ],
    "n_bonds": 74939,
    "n_local": 74774,
    "n_molecules": 36753,
    "n_resamples": 1000,
    "training_corpus_sha": "178da507a91243087b03cbd8e9c67409"
  },
  "corpus": "coconut",
  "delta_locality": 0.9932478415778166,
  "delta_locality_by_class": {
    "C#N": 0.655688622754491,
    "C=N": 0.9030412526347485,
    "C=O": 0.9996442810772355,
    "C=S": 0.9541284403669724,
    "N=O": 0.9976635514018691,
    "P=O": 0.9764102564102564,
    "S=O": 1.0,
    "other": 0.8829787234042553
  },
  "extras_kind": null,
  "extras_label": null,
  "missing_arm": null,
  "pair_key": "coconut__v1024_nmb",
  "pair_status": "matched",
  "schema_version": 1,
  "tier": "headline",
  "unigram": {
    "arm": "unigram",
    "bootstrap_seed": 3463463303,
    "boundary": "nmb",
    "cell_id": "coconut__smirk_unigram_v1024_nmb",
    "class_bonds": {
      "C#N": 334,
      "C=N": 3321,
      "C=O": 67469,
      "C=S": 218,
      "N=O": 428,
      "P=O": 975,
      "S=O": 2100,
      "other": 94
    },
    "class_local": {
      "C#N": 87,
      "C=N": 228,
      "C=O": 0,
      "C=S": 3,
      "N=O": 0,
      "P=O": 23,
      "S=O": 0,
      "other": 0
    },
    "class_locality": {
      "C#N": 0.26047904191616766,
      "C=N": 0.06865401987353206,
      "C=O": 0.0,
      "C=S": 0.013761467889908258,
      "N=O": 0.0,
      "P=O": 0.02358974358974359,
      "S=O": 0.0,
      "other": 0.0
    },
    "eval_split_sha": "146cff0ba752459c61ed0bb687b06d73",
    "locality": 0.004550367632340971,
    "locality_ci": [
      0.003994512588766946,
      0.005107101686281869
    ],
    "n_bonds": 74939,
    "n_local": 341,
    "n_molecules": 36753,
    "n_resamples": 1000,
    "training_corpus_sha": "178da507a91243087b03cbd8e9c67409"
  },
  "unpaired_reason": null,
  "vocab_size": 1024
}
