{
  "boundary": "mb",
  "bpe": {
    "arm": "bpe",
    "bootstrap_seed": 1231123443,
    "boundary": "mb",
    "cell_id": "coconut__smirk_gpe_v1024_mb",
    "class_bonds": {
      "C#N": 334,
      "C=N": 3321,
      "C=O": 67469,
      "C=S": 218,
      "N=O": 428,
      "P=O": 975,
      "S=O": 2100,
      "other": 94
    },
    "class_local": {
      "C#N": 306,
      "C=N": 3227,
      "C=O": 67445,
      "C=S": 211,
      "N=O": 425,
      "P=O": 975,
      "S=O": 2100,
      "other": 83
    },
    "class_locality": {
      "C#N": 0.9161676646706587,
      "C=N": 0.9716952725082806,
      "C=O": 0.9996442810772355,
      "C=S": 0.9678899082568807,
      "N=O": 0.9929906542056075,
      "P=O": 1.0,
      "S=O": 1.0,
      "other": 0.8829787234042553
    },
    "eval_split_sha": "146cff0ba752459c61ed0bb687b06d73",
    "locality": 0.9977715208369474,
    "locality_ci": [
      0.9973792736464014,
      0.9981199498653297
    ],
    "n_bonds": 74939,
    "n_local": 74772,
    "n_molecules": 36753,
    "n_resamples": 1000,
    "training_corpus_sha": "178da507a91243087b03cbd8e9c67409"
  },
  "corpus": "coconut",
  "delta_locality": 0.9914063438263121,
  "delta_locality_by_class": {
    "C#N": 0.655688622754491,
    "C=N": 0.8777476663655525,
    "C=O": 0.9996442810772355,
    "C=S": 0.9495412844036697,
    "N=O": 0.9929906542056075,
    "P=O": 0.9764102564102564,
    "S=O": 0.9757142857142858,
    "other": 0.8829787234042553
  },
  "extras_kind": null,
  "extras_label": null,
  "missing_arm": null,
  "pair_key": "coconut__v1024_mb",
  "pair_status": "matched",
  "schema_version": 1,
  "tier": "headline",
  "unigram": {
    "arm": "unigram",
    "bootstrap_seed": 1462259759,
    "boundary": "mb",
    "cell_id": "coconut__smirk_unigram_v1024_mb",
    "class_bonds": {
      "C#N": 334,
      "C=N": 3321,
      "C=O": 67469,
      "C=S": 218,
      "N=O": 428,
      "P=O": 975,
      "S=O": 2100,
      "other": 94
    },
    "class_local": {
      "C#N": 87,
      "C=N": 312,
      "C=O": 0,
      "C=S": 4,
      "N=O": 0,
      "P=O": 23,
      "S=O": 51,
      "other": 0
    },
    "class_locality": {
      "C#N": 0.26047904191616766,
      "C=N": 0.0939476061427281,
      "C=O": 0.0,
      "C=S": 0.01834862385321101,
      "N=O": 0.0,
      "P=O": 0.02358974358974359,
      "S=O": 0.024285714285714285,
      "other": 0.0
    },
    "eval_split_sha": "146cff0ba752459c61ed0bb687b06d73",
    "locality": 0.006365177010635317,
    "locality_ci": [
      0.00568884162956071,
      0.007079315042876606
    ],
    "n_bonds": 74939,
    "n_local": 477,
    "n_molecules": 36753,
    "n_resamples": 1000,
    "training_corpus_sha": "178da507a91243087b03cbd8e9c67409"
  },
  "unpaired_reason": null,
  "vocab_size": 1024
}
