{
  "boundary": "mb",
  "bpe": {
    "arm": "bpe",
    "bootstrap_seed": 230990609,
    "boundary": "mb",
    "cell_id": "coconut__smirk_gpe_v512_mb",
    "class_bonds": {
      "C#N": 334,
      "C=N": 3321,
      "C=O": 67469,
      "C=S": 218,
      "N=O": 428,
      "P=O": 975,
      "S=O": 2100,
      "other": 94
    },
    "class_local": {
      "C#N": 289,
      "C=N": 3183,
      "C=O": 67437,
      "C=S": 193,
      "N=O": 424,
      "P=O": 975,
      "S=O": 2100,
      "other": 73
    },
    "class_locality": {
      "C#N": 0.8652694610778443,
      "C=N": 0.9584462511291779,
      "C=O": 0.9995257081029806,
      "C=S": 0.8853211009174312,
      "N=O": 0.9906542056074766,
      "P=O": 1.0,
      "S=O": 1.0,
      "other": 0.776595744680851
    },
    "eval_split_sha": "146cff0ba752459c61ed0bb687b06d73",
    "locality": 0.9964637905496471,
    "locality_ci": [
      0.9959901833250634,
      0.9969357847055689
    ],
    "n_bonds": 74939,
    "n_local": 74674,
    "n_molecules": 36753,
    "n_resamples": 1000,
    "training_corpus_sha": "178da507a91243087b03cbd8e9c67409"
  },
  "corpus": "coconut",
  "delta_locality": 0.9902453995916679,
  "delta_locality_by_class": {
    "C#N": 0.6047904191616766,
    "C=N": 0.8678109003312255,
    "C=O": 0.9995257081029806,
    "C=S": 0.8669724770642202,
    "N=O": 0.9906542056074766,
    "P=O": 0.9764102564102564,
    "S=O": 0.9757142857142858,
    "other": 0.776595744680851
  },
  "extras_kind": null,
  "extras_label": null,
  "missing_arm": null,
  "pair_key": "coconut__v512_mb",
  "pair_status": "matched",
  "schema_version": 1,
  "tier": "headline",
  "unigram": {
    "arm": "unigram",
    "bootstrap_seed": 1071306583,
    "boundary": "mb",
    "cell_id": "coconut__smirk_unigram_v512_mb",
    "class_bonds": {
      "C#N": 334,
      "C=N": 3321,
      "C=O": 67469,
      "C=S": 218,
      "N=O": 428,
      "P=O": 975,
      "S=O": 2100,
      "other": 94
    },
    "class_local": {
      "C#N": 87,
      "C=N": 301,
      "C=O": 0,
      "C=S": 4,
      "N=O": 0,
      "P=O": 23,
      "S=O": 51,
      "other": 0
    },
    "class_locality": {
      "C#N": 0.26047904191616766,
      "C=N": 0.09063535079795243,
      "C=O": 0.0,
      "C=S": 0.01834862385321101,
      "N=O": 0.0,
      "P=O": 0.02358974358974359,
      "S=O": 0.024285714285714285,
      "other": 0.0
    },
    "eval_split_sha": "146cff0ba752459c61ed0bb687b06d73",
    "locality": 0.006218390957979157,
    "locality_ci": [
      0.005590514671789097,
      0.006840329835082459
    ],
    "n_bonds": 74939,
    "n_local": 466,
    "n_molecules": 36753,
    "n_resamples": 1000,
    "training_corpus_sha": "178da507a91243087b03cbd8e9c67409"
  },
  "unpaired_reason": null,
  "vocab_size": 512
}
