{
  "boundary": "mb",
  "bpe": {
    "arm": "bpe",
    "bootstrap_seed": 421303330,
    "boundary": "mb",
    "cell_id": "pubchem__smirk_gpe_v1024_mb_sizematched_700k",
    "class_bonds": {
      "C#N": 62155,
      "C=N": 104772,
      "C=O": 1224571,
      "C=S": 19793,
      "N=O": 40505,
      "P=O": 19539,
      "S=O": 244043,
      "other": 19619
    },
    "class_local": {
      "C#N": 57929,
      "C=N": 100750,
      "C=O": 1224367,
      "C=S": 19740,
      "N=O": 40323,
      "P=O": 19534,
      "S=O": 244032,
      "other": 11885
    },
    "class_locality": {
      "C#N": 0.9320086879575256,
      "C=N": 0.9616118810369183,
      "C=O": 0.999833411047624,
      "C=S": 0.9973222856565452,
      "N=O": 0.9955067275644982,
      "P=O": 0.9997441015405087,
      "S=O": 0.99995492597616,
      "other": 0.6057903053162751
    },
    "eval_split_sha": "7c52af1451b2e5c900acfc6d6f012489",
    "locality": 0.9905262084026658,
    "locality_ci": [
      0.9902805347867285,
      0.9907505838142995
    ],
    "n_bonds": 1734997,
    "n_local": 1718560,
    "n_molecules": 999286,
    "n_resamples": 1000,
    "training_corpus_sha": "56b4cc3b29ffcafc82288b84326efb92"
  },
  "corpus": "pubchem",
  "delta_locality": 0.89350183314438,
  "delta_locality_by_class": {
    "C#N": 0.7126377604376156,
    "C=N": 0.6905280036651014,
    "C=O": 0.9224095622058663,
    "C=S": 0.03577022179558431,
    "N=O": 0.9955067275644982,
    "P=O": 0.9254311889042428,
    "S=O": 0.9703617805058945,
    "other": 0.41296702176461597
  },
  "extras_kind": "size_matched",
  "extras_label": "700k",
  "missing_arm": null,
  "pair_key": "pubchem__v1024_mb__size_matched_700k",
  "pair_status": "matched",
  "schema_version": 1,
  "tier": "extras_size_matched",
  "unigram": {
    "arm": "unigram",
    "bootstrap_seed": 1410589314,
    "boundary": "mb",
    "cell_id": "pubchem__smirk_unigram_v1024_mb_sizematched_700k",
    "class_bonds": {
      "C#N": 62155,
      "C=N": 104772,
      "C=O": 1224571,
      "C=S": 19793,
      "N=O": 40505,
      "P=O": 19539,
      "S=O": 244043,
      "other": 19619
    },
    "class_local": {
      "C#N": 13635,
      "C=N": 28402,
      "C=O": 94811,
      "C=S": 19032,
      "N=O": 0,
      "P=O": 1452,
      "S=O": 7222,
      "other": 3783
    },
    "class_locality": {
      "C#N": 0.21937092751990991,
      "C=N": 0.2710838773718169,
      "C=O": 0.07742384884175764,
      "C=S": 0.9615520638609609,
      "N=O": 0.0,
      "P=O": 0.07431291263626592,
      "S=O": 0.029593145470265488,
      "other": 0.19282328355165912
    },
    "eval_split_sha": "7c52af1451b2e5c900acfc6d6f012489",
    "locality": 0.09702437525828575,
    "locality_ci": [
      0.09649167218019158,
      0.09758228786371449
    ],
    "n_bonds": 1734997,
    "n_local": 168337,
    "n_molecules": 999286,
    "n_resamples": 1000,
    "training_corpus_sha": "56b4cc3b29ffcafc82288b84326efb92"
  },
  "unpaired_reason": null,
  "vocab_size": 1024
}
