{
  "boundary": "nmb",
  "bpe": {
    "arm": "bpe",
    "bootstrap_seed": 1045957761,
    "boundary": "nmb",
    "cell_id": "pubchem__smirk_gpe_v512_nmb",
    "class_bonds": {
      "C#N": 62155,
      "C=N": 104772,
      "C=O": 1224571,
      "C=S": 19793,
      "N=O": 40505,
      "P=O": 19539,
      "S=O": 244043,
      "other": 19619
    },
    "class_local": {
      "C#N": 57929,
      "C=N": 99490,
      "C=O": 1224367,
      "C=S": 18996,
      "N=O": 40323,
      "P=O": 19534,
      "S=O": 244032,
      "other": 10048
    },
    "class_locality": {
      "C#N": 0.9320086879575256,
      "C=N": 0.9495857671897072,
      "C=O": 0.999833411047624,
      "C=S": 0.9597332390238973,
      "N=O": 0.9955067275644982,
      "P=O": 0.9997441015405087,
      "S=O": 0.99995492597616,
      "other": 0.5121565829043274
    },
    "eval_split_sha": "7c52af1451b2e5c900acfc6d6f012489",
    "locality": 0.9883123717216802,
    "locality_ci": [
      0.9880545927434636,
      0.9885448386015693
    ],
    "n_bonds": 1734997,
    "n_local": 1714719,
    "n_molecules": 999286,
    "n_resamples": 1000,
    "training_corpus_sha": "d471aba7d34c2d2875e958d3df2abfcc"
  },
  "corpus": "pubchem",
  "delta_locality": 0.9620823551856286,
  "delta_locality_by_class": {
    "C#N": 0.7126377604376156,
    "C=N": 0.7527106478830222,
    "C=O": 0.9996284413072006,
    "C=S": 0.9434648613146062,
    "N=O": 0.9955067275644982,
    "P=O": 0.9254311889042428,
    "S=O": 0.9703617805058945,
    "other": 0.4102145878994852
  },
  "extras_kind": null,
  "extras_label": null,
  "missing_arm": null,
  "pair_key": "pubchem__v512_nmb",
  "pair_status": "matched",
  "schema_version": 1,
  "tier": "headline",
  "unigram": {
    "arm": "unigram",
    "bootstrap_seed": 2652209797,
    "boundary": "nmb",
    "cell_id": "pubchem__smirk_unigram_v512_nmb",
    "class_bonds": {
      "C#N": 62155,
      "C=N": 104772,
      "C=O": 1224571,
      "C=S": 19793,
      "N=O": 40505,
      "P=O": 19539,
      "S=O": 244043,
      "other": 19619
    },
    "class_local": {
      "C#N": 13635,
      "C=N": 20627,
      "C=O": 251,
      "C=S": 322,
      "N=O": 0,
      "P=O": 1452,
      "S=O": 7222,
      "other": 2000
    },
    "class_locality": {
      "C#N": 0.21937092751990991,
      "C=N": 0.196875119306685,
      "C=O": 0.00020496974042338091,
      "C=S": 0.016268377709291165,
      "N=O": 0.0,
      "P=O": 0.07431291263626592,
      "S=O": 0.029593145470265488,
      "other": 0.10194199500484225
    },
    "eval_split_sha": "7c52af1451b2e5c900acfc6d6f012489",
    "locality": 0.026230016536051646,
    "locality_ci": [
      0.025867702197581006,
      0.02659782171719007
    ],
    "n_bonds": 1734997,
    "n_local": 45509,
    "n_molecules": 999286,
    "n_resamples": 1000,
    "training_corpus_sha": "d471aba7d34c2d2875e958d3df2abfcc"
  },
  "unpaired_reason": null,
  "vocab_size": 512
}
