{
  "boundary": "nmb",
  "bpe": {
    "arm": "bpe",
    "bootstrap_seed": 1830740745,
    "boundary": "nmb",
    "cell_id": "pubchem__smirk_gpe_v256_nmb",
    "class_bonds": {
      "C#N": 62155,
      "C=N": 104772,
      "C=O": 1224571,
      "C=S": 19793,
      "N=O": 40505,
      "P=O": 19539,
      "S=O": 244043,
      "other": 19619
    },
    "class_local": {
      "C#N": 52014,
      "C=N": 71474,
      "C=O": 1223615,
      "C=S": 18996,
      "N=O": 40323,
      "P=O": 19534,
      "S=O": 236808,
      "other": 4430
    },
    "class_locality": {
      "C#N": 0.8368433754323867,
      "C=N": 0.6821860802504486,
      "C=O": 0.9992193184388656,
      "C=S": 0.9597332390238973,
      "N=O": 0.9955067275644982,
      "P=O": 0.9997441015405087,
      "S=O": 0.9703535852288326,
      "other": 0.22580151893572556
    },
    "eval_split_sha": "7c52af1451b2e5c900acfc6d6f012489",
    "locality": 0.9609203935222943,
    "locality_ci": [
      0.9605164491757846,
      0.9613334332677994
    ],
    "n_bonds": 1734997,
    "n_local": 1667194,
    "n_molecules": 999286,
    "n_resamples": 1000,
    "training_corpus_sha": "d471aba7d34c2d2875e958d3df2abfcc"
  },
  "corpus": "pubchem",
  "delta_locality": 0.9376131486106316,
  "delta_locality_by_class": {
    "C#N": 0.6174724479124768,
    "C=N": 0.5218474401557668,
    "C=O": 0.9992193184388656,
    "C=S": 0.9453342090638104,
    "N=O": 0.9955067275644982,
    "P=O": 0.9254311889042428,
    "S=O": 0.9407522444815053,
    "other": 0.17263876854070032
  },
  "extras_kind": null,
  "extras_label": null,
  "missing_arm": null,
  "pair_key": "pubchem__v256_nmb",
  "pair_status": "matched",
  "schema_version": 1,
  "tier": "headline",
  "unigram": {
    "arm": "unigram",
    "bootstrap_seed": 2502201359,
    "boundary": "nmb",
    "cell_id": "pubchem__smirk_unigram_v256_nmb",
    "class_bonds": {
      "C#N": 62155,
      "C=N": 104772,
      "C=O": 1224571,
      "C=S": 19793,
      "N=O": 40505,
      "P=O": 19539,
      "S=O": 244043,
      "other": 19619
    },
    "class_local": {
      "C#N": 13635,
      "C=N": 16799,
      "C=O": 0,
      "C=S": 285,
      "N=O": 0,
      "P=O": 1452,
      "S=O": 7224,
      "other": 1043
    },
    "class_locality": {
      "C#N": 0.21937092751990991,
      "C=N": 0.1603386400946818,
      "C=O": 0.0,
      "C=S": 0.0143990299600869,
      "N=O": 0.0,
      "P=O": 0.07431291263626592,
      "S=O": 0.029601340747327315,
      "other": 0.05316275039502523
    },
    "eval_split_sha": "7c52af1451b2e5c900acfc6d6f012489",
    "locality": 0.02330724491166267,
    "locality_ci": [
      0.022989557947146643,
      0.023620545287214835
    ],
    "n_bonds": 1734997,
    "n_local": 40438,
    "n_molecules": 999286,
    "n_resamples": 1000,
    "training_corpus_sha": "d471aba7d34c2d2875e958d3df2abfcc"
  },
  "unpaired_reason": null,
  "vocab_size": 256
}
