{
  "boundary": "nmb",
  "bpe": {
    "arm": "bpe",
    "bootstrap_seed": 2160699474,
    "boundary": "nmb",
    "cell_id": "pubchem__smirk_gpe_v512_nmb_subsample_r3",
    "class_bonds": {
      "C#N": 62155,
      "C=N": 104772,
      "C=O": 1224571,
      "C=S": 19793,
      "N=O": 40505,
      "P=O": 19539,
      "S=O": 244043,
      "other": 19619
    },
    "class_local": {
      "C#N": 57929,
      "C=N": 99490,
      "C=O": 1224367,
      "C=S": 18996,
      "N=O": 40323,
      "P=O": 19534,
      "S=O": 244032,
      "other": 10048
    },
    "class_locality": {
      "C#N": 0.9320086879575256,
      "C=N": 0.9495857671897072,
      "C=O": 0.999833411047624,
      "C=S": 0.9597332390238973,
      "N=O": 0.9955067275644982,
      "P=O": 0.9997441015405087,
      "S=O": 0.99995492597616,
      "other": 0.5121565829043274
    },
    "eval_split_sha": "7c52af1451b2e5c900acfc6d6f012489",
    "locality": 0.9883123717216802,
    "locality_ci": [
      0.9880687834805281,
      0.9885563491816667
    ],
    "n_bonds": 1734997,
    "n_local": 1714719,
    "n_molecules": 999286,
    "n_resamples": 1000,
    "training_corpus_sha": "63f737da07f9eeec1f544523da2c3279"
  },
  "corpus": "pubchem",
  "delta_locality": 0.9611722671566579,
  "delta_locality_by_class": {
    "C#N": 0.7126377604376156,
    "C=N": 0.7377543618524034,
    "C=O": 0.999627624694689,
    "C=S": 0.9434648613146062,
    "N=O": 0.9955067275644982,
    "P=O": 0.9254311889042428,
    "S=O": 0.9703617805058945,
    "other": 0.4096539069269585
  },
  "extras_kind": "subsample_redraw",
  "extras_label": "r3",
  "missing_arm": null,
  "pair_key": "pubchem__v512_nmb__subsample_r3",
  "pair_status": "matched",
  "schema_version": 1,
  "tier": "extras_subsample_redraw",
  "unigram": {
    "arm": "unigram",
    "bootstrap_seed": 706103000,
    "boundary": "nmb",
    "cell_id": "pubchem__smirk_unigram_v512_nmb_subsample_r3",
    "class_bonds": {
      "C#N": 62155,
      "C=N": 104772,
      "C=O": 1224571,
      "C=S": 19793,
      "N=O": 40505,
      "P=O": 19539,
      "S=O": 244043,
      "other": 19619
    },
    "class_local": {
      "C#N": 13635,
      "C=N": 22194,
      "C=O": 252,
      "C=S": 322,
      "N=O": 0,
      "P=O": 1452,
      "S=O": 7222,
      "other": 2011
    },
    "class_locality": {
      "C#N": 0.21937092751990991,
      "C=N": 0.21183140533730385,
      "C=O": 0.00020578635293502787,
      "C=S": 0.016268377709291165,
      "N=O": 0.0,
      "P=O": 0.07431291263626592,
      "S=O": 0.029593145470265488,
      "other": 0.10250267597736888
    },
    "eval_split_sha": "7c52af1451b2e5c900acfc6d6f012489",
    "locality": 0.0271401045650223,
    "locality_ci": [
      0.026758231750196558,
      0.027508685713366288
    ],
    "n_bonds": 1734997,
    "n_local": 47088,
    "n_molecules": 999286,
    "n_resamples": 1000,
    "training_corpus_sha": "63f737da07f9eeec1f544523da2c3279"
  },
  "unpaired_reason": null,
  "vocab_size": 512
}
