{
  "boundary": "mb",
  "bpe": {
    "arm": "bpe",
    "bootstrap_seed": 1151674436,
    "boundary": "mb",
    "cell_id": "pubchem__smirk_gpe_v1024_mb",
    "class_bonds": {
      "C#N": 62155,
      "C=N": 104772,
      "C=O": 1224571,
      "C=S": 19793,
      "N=O": 40505,
      "P=O": 19539,
      "S=O": 244043,
      "other": 19619
    },
    "class_local": {
      "C#N": 57929,
      "C=N": 100429,
      "C=O": 1224367,
      "C=S": 19740,
      "N=O": 40323,
      "P=O": 19534,
      "S=O": 244032,
      "other": 11740
    },
    "class_locality": {
      "C#N": 0.9320086879575256,
      "C=N": 0.9585480853663192,
      "C=O": 0.999833411047624,
      "C=S": 0.9973222856565452,
      "N=O": 0.9955067275644982,
      "P=O": 0.9997441015405087,
      "S=O": 0.99995492597616,
      "other": 0.598399510678424
    },
    "eval_split_sha": "7c52af1451b2e5c900acfc6d6f012489",
    "locality": 0.9902576200419944,
    "locality_ci": [
      0.9900250238287898,
      0.9905056181717007
    ],
    "n_bonds": 1734997,
    "n_local": 1718094,
    "n_molecules": 999286,
    "n_resamples": 1000,
    "training_corpus_sha": "d471aba7d34c2d2875e958d3df2abfcc"
  },
  "corpus": "pubchem",
  "delta_locality": 0.9631895617110577,
  "delta_locality_by_class": {
    "C#N": 0.7126377604376156,
    "C=N": 0.7499331882564043,
    "C=O": 0.9996210917945958,
    "C=S": 0.9798413580558784,
    "N=O": 0.9955067275644982,
    "P=O": 0.9254311889042428,
    "S=O": 0.9703617805058945,
    "other": 0.48672205515061934
  },
  "extras_kind": null,
  "extras_label": null,
  "missing_arm": null,
  "pair_key": "pubchem__v1024_mb",
  "pair_status": "matched",
  "schema_version": 1,
  "tier": "headline",
  "unigram": {
    "arm": "unigram",
    "bootstrap_seed": 3592858406,
    "boundary": "mb",
    "cell_id": "pubchem__smirk_unigram_v1024_mb",
    "class_bonds": {
      "C#N": 62155,
      "C=N": 104772,
      "C=O": 1224571,
      "C=S": 19793,
      "N=O": 40505,
      "P=O": 19539,
      "S=O": 244043,
      "other": 19619
    },
    "class_local": {
      "C#N": 13635,
      "C=N": 21857,
      "C=O": 260,
      "C=S": 346,
      "N=O": 0,
      "P=O": 1452,
      "S=O": 7222,
      "other": 2191
    },
    "class_locality": {
      "C#N": 0.21937092751990991,
      "C=N": 0.20861489710991488,
      "C=O": 0.00021231925302820335,
      "C=S": 0.017480927600666902,
      "N=O": 0.0,
      "P=O": 0.07431291263626592,
      "S=O": 0.029593145470265488,
      "other": 0.11167745552780468
    },
    "eval_split_sha": "7c52af1451b2e5c900acfc6d6f012489",
    "locality": 0.027068058330936597,
    "locality_ci": [
      0.02672334467240032,
      0.027440453364012102
    ],
    "n_bonds": 1734997,
    "n_local": 46963,
    "n_molecules": 999286,
    "n_resamples": 1000,
    "training_corpus_sha": "d471aba7d34c2d2875e958d3df2abfcc"
  },
  "unpaired_reason": null,
  "vocab_size": 1024
}
