{
  "boundary": "nmb",
  "bpe": {
    "arm": "bpe",
    "bootstrap_seed": 4219064311,
    "boundary": "nmb",
    "cell_id": "pubchem__smirk_gpe_v1024_nmb",
    "class_bonds": {
      "C#N": 62155,
      "C=N": 104772,
      "C=O": 1224571,
      "C=S": 19793,
      "N=O": 40505,
      "P=O": 19539,
      "S=O": 244043,
      "other": 19619
    },
    "class_local": {
      "C#N": 57929,
      "C=N": 100839,
      "C=O": 1224367,
      "C=S": 19740,
      "N=O": 40323,
      "P=O": 19534,
      "S=O": 244032,
      "other": 11751
    },
    "class_locality": {
      "C#N": 0.9320086879575256,
      "C=N": 0.9624613446340625,
      "C=O": 0.999833411047624,
      "C=S": 0.9973222856565452,
      "N=O": 0.9955067275644982,
      "P=O": 0.9997441015405087,
      "S=O": 0.99995492597616,
      "other": 0.5989601916509506
    },
    "eval_split_sha": "7c52af1451b2e5c900acfc6d6f012489",
    "locality": 0.990500271758395,
    "locality_ci": [
      0.9902535103002085,
      0.9907311596975978
    ],
    "n_bonds": 1734997,
    "n_local": 1718515,
    "n_molecules": 999286,
    "n_resamples": 1000,
    "training_corpus_sha": "d471aba7d34c2d2875e958d3df2abfcc"
  },
  "corpus": "pubchem",
  "delta_locality": 0.9638702545306994,
  "delta_locality_by_class": {
    "C#N": 0.7126538492478481,
    "C=N": 0.7613007292024587,
    "C=O": 0.9996170087320376,
    "C=S": 0.9798413580558784,
    "N=O": 0.9955067275644982,
    "P=O": 0.9254311889042428,
    "S=O": 0.9703617805058945,
    "other": 0.4864162291656048
  },
  "extras_kind": null,
  "extras_label": null,
  "missing_arm": null,
  "pair_key": "pubchem__v1024_nmb",
  "pair_status": "matched",
  "schema_version": 1,
  "tier": "headline",
  "unigram": {
    "arm": "unigram",
    "bootstrap_seed": 3997275983,
    "boundary": "nmb",
    "cell_id": "pubchem__smirk_unigram_v1024_nmb",
    "class_bonds": {
      "C#N": 62155,
      "C=N": 104772,
      "C=O": 1224571,
      "C=S": 19793,
      "N=O": 40505,
      "P=O": 19539,
      "S=O": 244043,
      "other": 19619
    },
    "class_local": {
      "C#N": 13634,
      "C=N": 21076,
      "C=O": 265,
      "C=S": 346,
      "N=O": 0,
      "P=O": 1452,
      "S=O": 7222,
      "other": 2208
    },
    "class_locality": {
      "C#N": 0.21935483870967742,
      "C=N": 0.20116061543160385,
      "C=O": 0.00021640231558643804,
      "C=S": 0.017480927600666902,
      "N=O": 0.0,
      "P=O": 0.07431291263626592,
      "S=O": 0.029593145470265488,
      "other": 0.11254396248534584
    },
    "eval_split_sha": "7c52af1451b2e5c900acfc6d6f012489",
    "locality": 0.026630017227695493,
    "locality_ci": [
      0.02626214843767984,
      0.02699227308090987
    ],
    "n_bonds": 1734997,
    "n_local": 46203,
    "n_molecules": 999286,
    "n_resamples": 1000,
    "training_corpus_sha": "d471aba7d34c2d2875e958d3df2abfcc"
  },
  "unpaired_reason": null,
  "vocab_size": 1024
}
