{
  "boundary": "nmb",
  "bpe": {
    "arm": "bpe",
    "bootstrap_seed": 623188098,
    "boundary": "nmb",
    "cell_id": "pubchem__smirk_gpe_v512_nmb_size_15m",
    "class_bonds": {
      "C#N": 62155,
      "C=N": 104772,
      "C=O": 1224571,
      "C=S": 19793,
      "N=O": 40505,
      "P=O": 19539,
      "S=O": 244043,
      "other": 19619
    },
    "class_local": {
      "C#N": 57929,
      "C=N": 99490,
      "C=O": 1224367,
      "C=S": 18996,
      "N=O": 40323,
      "P=O": 19534,
      "S=O": 244032,
      "other": 10048
    },
    "class_locality": {
      "C#N": 0.9320086879575256,
      "C=N": 0.9495857671897072,
      "C=O": 0.999833411047624,
      "C=S": 0.9597332390238973,
      "N=O": 0.9955067275644982,
      "P=O": 0.9997441015405087,
      "S=O": 0.99995492597616,
      "other": 0.5121565829043274
    },
    "eval_split_sha": "7c52af1451b2e5c900acfc6d6f012489",
    "locality": 0.9883123717216802,
    "locality_ci": [
      0.9880787162653649,
      0.9885644885261569
    ],
    "n_bonds": 1734997,
    "n_local": 1714719,
    "n_molecules": 999286,
    "n_resamples": 1000,
    "training_corpus_sha": "cbea5c9831645febfe6f4a14f8940c4d"
  },
  "corpus": "pubchem",
  "delta_locality": 0.9621365339536609,
  "delta_locality_by_class": {
    "C#N": 0.7126377604376156,
    "C=N": 0.7536364677585615,
    "C=O": 0.9996284413072006,
    "C=S": 0.9434648613146062,
    "N=O": 0.9955067275644982,
    "P=O": 0.9254311889042428,
    "S=O": 0.9703617805058945,
    "other": 0.4100616749069779
  },
  "extras_kind": "size_sweep",
  "extras_label": "15m",
  "missing_arm": null,
  "pair_key": "pubchem__v512_nmb__size_15m",
  "pair_status": "matched",
  "schema_version": 1,
  "tier": "extras_size_sweep",
  "unigram": {
    "arm": "unigram",
    "bootstrap_seed": 141317810,
    "boundary": "nmb",
    "cell_id": "pubchem__smirk_unigram_v512_nmb_size_15m",
    "class_bonds": {
      "C#N": 62155,
      "C=N": 104772,
      "C=O": 1224571,
      "C=S": 19793,
      "N=O": 40505,
      "P=O": 19539,
      "S=O": 244043,
      "other": 19619
    },
    "class_local": {
      "C#N": 13635,
      "C=N": 20530,
      "C=O": 251,
      "C=S": 322,
      "N=O": 0,
      "P=O": 1452,
      "S=O": 7222,
      "other": 2003
    },
    "class_locality": {
      "C#N": 0.21937092751990991,
      "C=N": 0.19594929943114572,
      "C=O": 0.00020496974042338091,
      "C=S": 0.016268377709291165,
      "N=O": 0.0,
      "P=O": 0.07431291263626592,
      "S=O": 0.029593145470265488,
      "other": 0.10209490799734951
    },
    "eval_split_sha": "7c52af1451b2e5c900acfc6d6f012489",
    "locality": 0.026175837768019194,
    "locality_ci": [
      0.02581113622563359,
      0.02653192149749675
    ],
    "n_bonds": 1734997,
    "n_local": 45415,
    "n_molecules": 999286,
    "n_resamples": 1000,
    "training_corpus_sha": "cbea5c9831645febfe6f4a14f8940c4d"
  },
  "unpaired_reason": null,
  "vocab_size": 512
}
