{
  "boundary": "nmb",
  "bpe": {
    "arm": "bpe",
    "bootstrap_seed": 2618585444,
    "boundary": "nmb",
    "cell_id": "zinc22__smirk_gpe_v256_nmb",
    "class_bonds": {
      "C#N": 20489,
      "C=N": 88115,
      "C=O": 768642,
      "C=S": 2794,
      "N=O": 13791,
      "P=O": 963,
      "S=O": 172119,
      "other": 4675
    },
    "class_local": {
      "C#N": 19189,
      "C=N": 86003,
      "C=O": 768353,
      "C=S": 2786,
      "N=O": 13088,
      "P=O": 962,
      "S=O": 172089,
      "other": 507
    },
    "class_locality": {
      "C#N": 0.9365513202206062,
      "C=N": 0.9760313227032855,
      "C=O": 0.9996240122189524,
      "C=S": 0.9971367215461704,
      "N=O": 0.9490247262707563,
      "P=O": 0.9989615784008308,
      "S=O": 0.9998257019852543,
      "other": 0.10844919786096256
    },
    "eval_split_sha": "730dc2ddc8c4edd981244fa27433a1ea",
    "locality": 0.9919642623844238,
    "locality_ci": [
      0.9917766981860556,
      0.9921527405662051
    ],
    "n_bonds": 1071588,
    "n_local": 1062977,
    "n_molecules": 499545,
    "n_resamples": 1000,
    "training_corpus_sha": "2604e603ded8e77654016cd7b3f38cec"
  },
  "corpus": "zinc22",
  "delta_locality": 0.9850810199442323,
  "delta_locality_by_class": {
    "C#N": 0.6745082727317097,
    "C=N": 0.9537082222096125,
    "C=O": 0.9996240122189524,
    "C=S": 0.9971367215461704,
    "N=O": 0.9490247262707563,
    "P=O": 0.9989615784008308,
    "S=O": 0.9998257019852543,
    "other": 0.09989304812834224
  },
  "extras_kind": null,
  "extras_label": null,
  "missing_arm": null,
  "pair_key": "zinc22__v256_nmb",
  "pair_status": "matched",
  "schema_version": 1,
  "tier": "headline",
  "unigram": {
    "arm": "unigram",
    "bootstrap_seed": 1941703496,
    "boundary": "nmb",
    "cell_id": "zinc22__smirk_unigram_v256_nmb",
    "class_bonds": {
      "C#N": 20489,
      "C=N": 88115,
      "C=O": 768642,
      "C=S": 2794,
      "N=O": 13791,
      "P=O": 963,
      "S=O": 172119,
      "other": 4675
    },
    "class_local": {
      "C#N": 5369,
      "C=N": 1967,
      "C=O": 0,
      "C=S": 0,
      "N=O": 0,
      "P=O": 0,
      "S=O": 0,
      "other": 40
    },
    "class_locality": {
      "C#N": 0.2620430474888965,
      "C=N": 0.022323100493673042,
      "C=O": 0.0,
      "C=S": 0.0,
      "N=O": 0.0,
      "P=O": 0.0,
      "S=O": 0.0,
      "other": 0.008556149732620321
    },
    "eval_split_sha": "730dc2ddc8c4edd981244fa27433a1ea",
    "locality": 0.006883242440191566,
    "locality_ci": [
      0.0067281902501372766,
      0.007038275935145914
    ],
    "n_bonds": 1071588,
    "n_local": 7376,
    "n_molecules": 499545,
    "n_resamples": 1000,
    "training_corpus_sha": "2604e603ded8e77654016cd7b3f38cec"
  },
  "unpaired_reason": null,
  "vocab_size": 256
}
